Date,Category,headline_text
20010102,unknown,Status quo will not be disturbed at Ayodhya; says Vajpayee
20010102,unknown,Fissures in Hurriyat over Pak visit
20010102,unknown,America's unwanted heading for India?
20010102,unknown,For bigwigs; it is destination Goa
20010102,unknown,Extra buses to clear tourist traffic
20010102,unknown,Dilute the power of transfers; says Riberio
20010102,unknown,Focus shifts to teaching of Hindi
20010102,unknown,IT will become compulsory in schools
20010102,unknown,Move to stop freedom fighters' pension flayed
20010102,unknown,Gilani claims he applied for passport 2 years ago
20010102,unknown,Parivar dismisses PM's warning
20010102,unknown,India; Pak exchange lists of N-plants
20010102,unknown,Will Qureshi's return really help the govt?
20010102,unknown,PM's tacit message: Put Ram tample on hold
20010102,unknown,Text of the Prime Minister's article
20010102,unknown,NCW to focus on violence against women
20010102,unknown,BBC's reality TV will focus on AIIMS
20010102,unknown,Jaitley firm on legal reforms
20010102,unknown,Hoshangabad farmers have enough water
20010102,unknown,BJP jumps into rail track conversion issue
20010102,unknown,America's unwanted heading for India?
20010102,unknown,State may take AP to court over Krishna
20010102,unknown,This official has sued the briber
20010102,unknown,Park turns temple compound as residents watch
20010102,unknown,Moves afoot to evict squatters in Urban dist
20010102,unknown,Mafia calls the shots in Gandhinagar too
20010102,unknown,Status quo will not be disturbed at Ayodhya; says Vajpayee
20010102,unknown,Fissures in Hurriyat over Pak visit
20010102,unknown,America's unwanted heading for India?
20010102,unknown,For bigwigs; it is destination Goa
20010102,unknown,Extra buses to clear tourist traffic
20010102,unknown,Dilute the power of transfers; says Riberio
20010102,unknown,Focus shifts to teaching of Hindi
20010102,unknown,IT will become compulsory in schools
20010102,unknown,Move to stop freedom fighters' pension flayed
20010102,unknown,Gilani claims he applied for passport 2 years ago
20010102,unknown,Parivar dismisses PM's warning
20010102,unknown,India; Pak exchange lists of N-plants
20010102,unknown,Will Qureshi's return really help the govt?
20010102,unknown,PM's tacit message: Put Ram tample on hold
20010102,unknown,Text of the Prime Minister's article
20010102,unknown,NCW to focus on violence against women
20010102,unknown,BBC's reality TV will focus on AIIMS
20010102,unknown,Jaitley firm on legal reforms
20010102,unknown,Hoshangabad farmers have enough water
20010102,unknown,BJP jumps into rail track conversion issue
20010102,unknown,America's unwanted heading for India?
20010102,unknown,State may take AP to court over Krishna
20010102,unknown,This official has sued the briber
20010102,unknown,Park turns temple compound as residents watch
20010102,unknown,Moves afoot to evict squatters in Urban dist
20010102,unknown,Mafia calls the shots in Gandhinagar too
20010102,unknown,Come to Nandi Hills...and you can fly
20010102,unknown,HAL approached for super jumbo project
20010102,unknown,Nagathihalli returns with Preethiya Hudugi
20010102,unknown,Fashion in the future
20010102,unknown,Promises to keep
20010102,unknown,Home is where the holistic science is
20010102,unknown,A noisy effort to spruce up Commercial Street
20010102,unknown,The best music of the year
20010102,unknown,Redemption night; amid some rock
20010102,unknown,Consul is back from month-long leave
20010102,unknown,Bomb hoax triggers panic in Canara Bank
20010102,unknown,Petition over ministers' assets dismissed
20010102,unknown,He beat polio; but a truck driver's is no life
20010102,unknown,Destroying myths and doubts on sexuality
20010102,unknown,Planning Dept seeks Rs 350 crore more
20010102,unknown,More engg colleges if needed in state: Govt
20010102,unknown,Auto driver's murder: 4 held
20010102,unknown,Meet held on cashew crop forecasting
20010102,unknown,Awareness rally on AIDS today
20010102,unknown,Record power generation at RTPS
20010102,unknown,Move to stop freedom fighters' pension flayed
20010102,unknown,Snags delay digital maps of city
20010102,unknown,Making education a people's movement
20010102,unknown,Murder spoils 2001 party in Dharwad
20010102,unknown,Now a website on a seer
20010102,unknown,Akki-Alur and Ranebennur peaceful
20010102,unknown,Weekly editor resorts to hunger strike
20010102,unknown,Bickering cost Dal(S) seats; admits Gowda
20010102,unknown,BJP to block traffic statewide on Jan 6
20010102,unknown,Dr Patwardhan to be felicitated
20010102,unknown,Lingambudhi will be turned into bird sanctuary
20010102,unknown,Cactus which made it to Guinness is dying
20010102,unknown,VIPs suffer as power supply is stopped to govt guest houses
20010102,entertainment.hindi.bollywood,Raju Chacha
20010103,unknown,Powerless north India gropes in the dark
20010103,unknown,Think again; Laxman tells Sangh Parivar
20010103,unknown,Hurriyat undecided over team to Pakistan
20010103,unknown,Vajpayee wants to put reforms on fast track
20010103,unknown,Stephen Hawking keeps date with Mumbai
20010103,unknown,Anti-Hrithik or anti-hopelessness
20010103,unknown,Govt plans stadium near Panaji
20010103,unknown,BJP doing a volte face on casinos: Cong
20010103,unknown,3 watershed projects on the anvil
20010103,unknown,No report yet on fire in Udyog Bhavan
20010103,unknown,He is the king of 'five star' industry
20010103,unknown,Petrol pump sealed for selling adulterated fuel
20010103,unknown,Milk price up by Rs 1 per litre
20010103,unknown,Congress House is no-smoking zone
20010103,unknown,Rural weightage: Govt reassures Governor
20010103,unknown,Bride gets honeymoon surprise: Chopper ride
20010103,unknown,Is hangover a sign of alcoholicism?
20010103,unknown,Almatti: AP to wait and watch
20010103,unknown,10-year-old girl missing
20010103,unknown,Hear his messages from the heart
20010103,unknown,Dance like no one's watching
20010103,unknown,From reel love to real love
20010103,unknown,Power row: Bribe attempt charge denied
20010103,unknown,Lakshamma's cry for help heard
20010103,unknown,It's shopping time for your newborn
20010103,unknown,Con games on the catwalk
20010103,unknown,They are here to help us
20010103,unknown,These noisy spots are hurting your ears
20010103,unknown,Flat tyres; flat music and a few famous faces
20010103,unknown,Yogananda birth anniversary fete on Dec 5
20010103,unknown,Tumkur gets 243 borewells
20010103,unknown,Over 2000 workers hit by lockout
20010103,unknown,Child project officer held for fraud
20010103,unknown,BCC holds talks on budget
20010103,unknown,Skybus metro trains on agenda
20010103,unknown,A disciple awaits a miracle from his Goddess
20010103,unknown,TOI scribe among Press Academy awardees
20010103,unknown,Talent Search exams on April 29
20010103,unknown,Ban orders extended in Ranebennur
20010103,unknown,Army turns to HAL for Lancer supply
20010103,entertainment.hindi.bollywood,'Devdas': Jinxed?
20010104,unknown,The string that pulled Stephen Hawking to India
20010104,unknown,Vajpayee gives big push to tech education; R&D
20010104,unknown,Norms for private role in banking tightened
20010104,unknown,A Maha Kumbh of media players
20010104,unknown,Net lottery: A winner or a sucker?
20010104,unknown,Us and the PM's Musings
20010104,unknown,Milosevic to be charged with 'abuse of office'
20010104,unknown,Tabu: Bar Bar Dekho
20010104,unknown,Anupam Kher: Sliver Spoon!
20010104,unknown,Aftab Shivdasani: Career Cares!
20010104,unknown,Court reserves judgment on custody of Ilyasi's daughter
20010104,unknown,A museum far from the madding crowds
20010104,unknown,Bangla Oppn leader issues 'fatwa' against judges
20010104,unknown,Hawking set to inspire science glitterati
20010104,unknown,Mission for technology education; more funds for R&D
20010104,unknown,Mental illness can pass from parent to child
20010104,unknown,Cholera outbreak source traced
20010104,unknown,Mathematics permeates human civilisation
20010104,unknown,Bangla Oppn leader issues 'fatwa' against judges
20010104,unknown,Bangladesh govt asks for Hamoodur Rahman report
20010104,unknown,Bangladesh 'scrutinising' citizen's death in US embassy
20010104,unknown,Claire Danes inks to star in 'It's About Love'
20010104,unknown,Hollywood posts record 9th year of box office gains
20010104,unknown,Akashdeep: Ghaath Ka Saath!
20010104,unknown,Great loss to Indian racing
20010104,unknown,The saga of Usha Stud Farm
20010104,unknown,Red Radior wins Victory Zone Cup
20010104,unknown,Race put off
20010104,unknown,Cyril sends Byron Black packing
20010104,unknown,Dent has the fastest serve in Chennai meet
20010104,unknown,Basu gives call to stop infighting
20010104,unknown,Violence mar Mamata's meeting in Midnapore
20010104,unknown,The string that pulled Stephen Hawking to India
20010104,unknown,Norms for private role in banking tightened
20010104,unknown,Net lottery: A winner or a sucker?
20010104,unknown,Us and the PM's Musings
20010104,unknown,Milosevic to be charged with 'abuse of office'
20010104,unknown,Tabu: Bar Bar Dekho
20010104,unknown,Anupam Kher: Sliver Spoon!
20010104,unknown,Court reserves judgment on custody of Ilyasi's daughter
20010104,unknown,A museum far from the madding crowds
20010104,unknown,Bangla Oppn leader issues 'fatwa' against judges
20010104,unknown,Court reserves judgment on custody of Ilyasi's daughter
20010104,unknown,String theory set to become one of hottest pieces of physics
20010104,unknown,Hawking set to inspire science glitterati
20010104,unknown,Mission for technology education; more funds for R&D
20010104,unknown,Mission for technology education; more funds for R&D
20010104,unknown,Mental illness can pass from parent to child
20010104,unknown,Cholera outbreak source traced
20010104,unknown,Mathematics permeates human civilisation
20010104,unknown,The string that pulled Stephen Hawking to India
20010104,unknown,Vajpayee gives big push to tech education; R&D
20010104,unknown,Norms for private role in banking tightened
20010104,unknown,A Maha Kumbh of media players
20010104,unknown,Net lottery: A winner or a sucker?
20010104,unknown,Us and the PM's Musings
20010104,unknown,Milosevic to be charged with 'abuse of office'
20010104,unknown,Tabu: Bar Bar Dekho
20010104,unknown,Anupam Kher: Sliver Spoon!
20010104,unknown,Aftab Shivdasani: Career Cares!
20010104,unknown,Court reserves judgment on custody of Ilyasi's daughter
20010104,unknown,A museum far from the madding crowds
20010104,unknown,Four more Iranians admit to role in serial murders
20010104,unknown,Bangla Oppn leader issues 'fatwa' against judges
20010104,unknown,String theory set to become one of hottest pieces of physics
20010104,unknown,Hawking set to inspire science glitterati
20010104,unknown,Mission for technology education; more funds for R&D
20010104,unknown,Mental illness can pass from parent to child
20010104,unknown,Cholera outbreak source traced
20010104,unknown,Mathematics permeates human civilisation
20010104,unknown,Bangla Oppn leader issues 'fatwa' against judges
20010104,unknown,Bangladesh govt asks for Hamoodur Rahman report
20010104,unknown,Bangladesh 'scrutinising' citizen's death in US embassy
20010104,unknown,Hollywood posts record 9th year of box office gains
20010104,unknown,Great loss to Indian racing
20010104,unknown,The saga of Usha Stud Farm
20010104,unknown,Red Radior wins Victory Zone Cup
20010104,unknown,Race put off
20010104,unknown,Basu gives call to stop infighting
20010104,unknown,Violence mar Mamata's meeting in Midnapore
20010104,unknown,CPT to have new pilot system by Jan 15
20010104,unknown,Film industry concerned about piracy
20010104,unknown,City drainage system being modernised
20010104,unknown,Keeping the Gandhian dream alive
20010104,unknown,An archaeologist par excellence
20010104,unknown,Education body overshoots self-imposed deadline
20010104,unknown,PIL urges to seek flood relief from UN
20010104,unknown,Sen urges country to exploit its tourism potential
20010104,unknown,CMC to issue notice to builder
20010104,unknown,World govt touted as solution to crises
20010104,unknown,ASI team digs up part of Fatehpur Sikri
20010104,unknown,Lara joins elite club
20010104,unknown,Cullinan hits fourth Newlands hundred
20010104,unknown,Cronje case behind low cricket match attendance
20010104,unknown,Indian refusal cost PCB 2.4 cr
20010104,unknown,Das ready to face the short-pitch stuff
20010104,unknown,Haldipur; Lahiri in good stand
20010104,unknown,DU North Zone inter-varsity cricket champions
20010104,unknown,Kolkata gears up for Millennium Cup
20010104,unknown,Right choice is the key; says Iranian coach
20010104,unknown,Rajasthan lose lead and match
20010104,unknown,Hockey hopes rest on flowerin talent
20010104,unknown,Anand may get Padmabhushan
20010104,unknown,Emotion-choked Chennai showers love on Anand
20010104,unknown,Close battle for Mahindra Golfer; 2001
20010104,unknown,Indian Blues off to a good start
20010104,unknown,Ramgarh beat Royal Kashmir in Hanut Cup polo
20010104,unknown,Anand may get Padmabhushan
20010104,unknown,Cullinan hits fourth Newlands hundred
20010104,unknown,Ex-mayor takes up cudgels against Kothrud garbage depot
20010104,unknown,India is no IT superpower
20010104,unknown,A clean sweep
20010104,unknown,The Sphinx can act too
20010104,unknown,Giving audio-video education a cutting edge
20010104,unknown,Govt orders study of river diversion
20010104,unknown,Govt bears burden as VIPs throng Goa
20010104,unknown,Goa told to start quick-growth coconut project
20010104,unknown,Experts discuss horticulture development
20010104,unknown,5 acquitted in trespassing case
20010104,unknown,Development of horticulture stressed
20010104,unknown,New office-bearers for ICSI
20010104,unknown,CM to review security for Premji; Murthy
